Changes made at Sat Aug  9 05:58:18 UTC 2025
Changes made at Thu Nov 20 14:07:24 UTC 2025
Changes made at Thu Nov 20 14:27:27 UTC 2025
Changes made at Thu Nov 20 16:35:20 UTC 2025
Changes made at Fri Nov 21 08:36:32 UTC 2025
Changes made at Fri Nov 21 10:28:49 UTC 2025
Changes made at Fri Nov 21 14:26:20 UTC 2025
Changes made at Fri Nov 21 16:32:14 UTC 2025
Changes made at Sat Nov 22 08:32:09 UTC 2025
Changes made at Sat Nov 22 10:26:04 UTC 2025
Changes made at Sat Nov 22 14:22:45 UTC 2025
Changes made at Sat Nov 22 16:30:34 UTC 2025
